subject	spf	roi	washin(mM/s)	ttp(s)
sample_005_sub5	16	malignant	0.001498584768393445	132.96089385474863
sample_005_sub5	16	glandular	0.00010326240590286219	141.66666666666669
