subject	spf	roi	washin(mM/s)	ttp(s)
sample_005_sub5	4	malignant	0.0011363625668826829	137.42466388502552
sample_005_sub5	4	glandular	0.00013171305009811198	85.37610106629579
