subject	spf	roi	washin(mM/s)	ttp(s)
sample_021_sub21	2	malignant	0.00016545344395176164	136.43299745193423
sample_021_sub21	2	glandular	2.6385359892245107e-05	92.74959462589761
