subject	spf	roi	washin(mM/s)	ttp(s)
sample_033_sub33	16	glandular	-1.0105942965580618e-05	99.72067039106146
