subject	spf	roi	washin(mM/s)	ttp(s)
sample_050_sub50	2	glandular	-5.3627840516598996e-05	121.83735811906418
