subject	spf	roi	washin(mM/s)	ttp(s)
sample_030_sub30	8	glandular	-2.5719918549726395e-05	129.1782729805014
