subject	spf	roi	washin(mM/s)	ttp(s)
sample_040_sub40	16	glandular	6.778634585131744e-05	141.66666666666669
