subject	spf	roi	washin(mM/s)	ttp(s)
sample_020_sub20	4	malignant	0.0012505496246928692	135.57313398238296
sample_020_sub20	4	glandular	5.880590879054925e-05	143.80215577190543
