subject	spf	roi	washin(mM/s)	ttp(s)
sample_033_sub33	4	glandular	-4.5321209593686904e-05	114.58912841910062
