subject	spf	roi	washin(mM/s)	ttp(s)
sample_032_sub32	2	glandular	7.738658541623325e-06	143.67905953208248
