subject	spf	roi	washin(mM/s)	ttp(s)
sample_007_sub7	4	malignant	0.0005372788270345034	141.74490032452482
sample_007_sub7	4	glandular	-2.1038543268152016e-05	137.42466388502552
