subject	spf	roi	washin(mM/s)	ttp(s)
sample_021_sub21	16	malignant	0.0006856229484957564	141.66666666666669
sample_021_sub21	16	glandular	6.559061174974386e-06	100.51210428305401
