subject	spf	roi	washin(mM/s)	ttp(s)
sample_012_sub12	4	malignant	0.0011047538919246775	135.36740843764488
sample_012_sub12	4	glandular	4.166256844142046e-05	137.42466388502552
