subject	spf	roi	washin(mM/s)	ttp(s)
sample_037_sub37	2	glandular	-2.2649117723257696e-05	137.4681491776697
