subject	spf	roi	washin(mM/s)	ttp(s)
sample_037_sub37	8	glandular	-1.782600710705663e-05	120.64763231197772
