subject	spf	roi	washin(mM/s)	ttp(s)
sample_044_sub44	8	glandular	-1.1470767183834798e-05	133.24048282265554
