subject	spf	roi	washin(mM/s)	ttp(s)
sample_033_sub33	2	glandular	-5.993094453656218e-05	129.18693537178598
