subject	spf	roi	washin(mM/s)	ttp(s)
sample_030_sub30	2	glandular	-5.3611124344966634e-05	136.43299745193423
