subject	spf	roi	washin(mM/s)	ttp(s)
sample_031_sub31	4	glandular	3.663637104067386e-05	143.80215577190543
