subject	spf	roi	washin(mM/s)	ttp(s)
sample_030_sub30	16	glandular	-1.704769288070617e-05	132.96089385474863
