subject	spf	roi	washin(mM/s)	ttp(s)
sample_020_sub20	2	malignant	0.0011080999129378535	135.5013608987723
sample_020_sub20	2	glandular	5.412531921981711e-05	137.4681491776697
