subject	spf	roi	washin(mM/s)	ttp(s)
sample_020_sub20	16	malignant	0.0021662005626386918	132.96089385474863
sample_020_sub20	16	glandular	0.000168856016506859	141.66666666666669
