subject	spf	roi	washin(mM/s)	ttp(s)
sample_034_sub34	4	glandular	-2.244493671188028e-05	143.80215577190543
