subject	spf	roi	washin(mM/s)	ttp(s)
sample_044_sub44	2	glandular	-4.735793407488241e-05	142.74742297892055
