subject	spf	roi	washin(mM/s)	ttp(s)
sample_012_sub12	8	malignant	0.0014849223248741478	141.7711234911792
sample_012_sub12	8	glandular	3.730491525718328e-05	141.7711234911792
