subject	spf	roi	washin(mM/s)	ttp(s)
sample_032_sub32	16	glandular	0.00013020393293877215	141.66666666666669
