subject	spf	roi	washin(mM/s)	ttp(s)
sample_032_sub32	4	glandular	2.367119898780446e-05	122.81815020862311
