subject	spf	roi	washin(mM/s)	ttp(s)
sample_052_sub52	8	glandular	1.9822563180091704e-05	121.05385329619313
