subject	spf	roi	washin(mM/s)	ttp(s)
sample_040_sub40	2	glandular	-3.634492392753822e-05	134.36269400046328
