subject	spf	roi	washin(mM/s)	ttp(s)
sample_040_sub40	4	glandular	-1.2069273405616193e-05	135.36740843764488
