subject	spf	roi	washin(mM/s)	ttp(s)
sample_020_sub20	8	malignant	0.0027194528039278768	141.7711234911792
sample_020_sub20	8	glandular	5.579404965827703e-05	141.7711234911792
