subject	spf	roi	washin(mM/s)	ttp(s)
sample_021_sub21	4	malignant	9.998103173216678e-05	135.36740843764488
sample_021_sub21	4	glandular	-4.072490049253466e-06	114.58912841910062
