subject	spf	roi	washin(mM/s)	ttp(s)
sample_005_sub5	2	malignant	0.0008298957952808302	144.81772643039147
sample_005_sub5	2	glandular	0.0001389569765509025	85.40001737317581
