subject	spf	roi	washin(mM/s)	ttp(s)
sample_040_sub40	8	glandular	-1.3853001873461175e-05	141.7711234911792
