subject	spf	roi	washin(mM/s)	ttp(s)
sample_031_sub31	2	glandular	6.831020288621729e-06	138.50330090340515
