subject	spf	roi	washin(mM/s)	ttp(s)
sample_031_sub31	8	glandular	4.036176438383077e-05	141.3649025069638
