subject	spf	roi	washin(mM/s)	ttp(s)
sample_034_sub34	8	glandular	-1.62699207082953e-05	141.3649025069638
