subject	spf	roi	washin(mM/s)	ttp(s)
sample_012_sub12	16	malignant	0.001714385264890016	141.66666666666669
sample_012_sub12	16	glandular	0.00011425174135582031	141.66666666666669
