subject	spf	roi	washin(mM/s)	ttp(s)
sample_033_sub33	8	glandular	-2.9997266428435985e-05	112.52321262766945
