subject	spf	roi	washin(mM/s)	ttp(s)
sample_031_sub31	16	glandular	7.052120053479294e-05	141.66666666666669
