subject	spf	roi	washin(mM/s)	ttp(s)
sample_007_sub7	8	malignant	0.0010957456229916036	83.2753017641597
sample_007_sub7	8	glandular	-2.8165049783963063e-05	120.64763231197772
