subject	spf	roi	washin(mM/s)	ttp(s)
sample_050_sub50	8	glandular	-3.390979250061014e-05	141.7711234911792
