subject	spf	roi	washin(mM/s)	ttp(s)
sample_034_sub34	16	glandular	-2.6664791505447133e-05	141.66666666666669
