subject	spf	roi	washin(mM/s)	ttp(s)
sample_021_sub21	8	malignant	9.316290511197158e-05	141.7711234911792
sample_021_sub21	8	glandular	-1.4948721167069643e-05	141.7711234911792
