subject	spf	roi	washin(mM/s)	ttp(s)
sample_007_sub7	2	malignant	0.0007048402686487653	142.74742297892055
sample_007_sub7	2	glandular	-1.3705600793753978e-05	138.50330090340515
