subject	spf	roi	washin(mM/s)	ttp(s)
sample_032_sub32	8	glandular	5.670853150696042e-05	120.64763231197772
