subject	spf	roi	washin(mM/s)	ttp(s)
sample_030_sub30	4	glandular	-1.860084215642078e-05	108.2116365322207
