subject	spf	roi	washin(mM/s)	ttp(s)
sample_044_sub44	16	glandular	6.092014676926704e-05	125.0465549348231
