subject	spf	roi	washin(mM/s)	ttp(s)
sample_052_sub52	4	glandular	2.380735724435907e-05	145.653685674548
