subject	spf	roi	washin(mM/s)	ttp(s)
sample_037_sub37	4	glandular	-8.55886677386791e-06	129.19564209550302
