subject	spf	roi	washin(mM/s)	ttp(s)
sample_007_sub7	16	malignant	0.001094392708730742	133.75232774674117
sample_007_sub7	16	glandular	1.4539820852437184e-05	116.34078212290504
