subject	spf	roi	washin(mM/s)	ttp(s)
sample_050_sub50	16	glandular	3.9238470748286495e-05	141.66666666666669
