subject	spf	roi	washin(mM/s)	ttp(s)
sample_050_sub50	4	glandular	-4.2313680181978476e-05	99.9826147426982
