subject	spf	roi	washin(mM/s)	ttp(s)
sample_044_sub44	4	glandular	-4.563110838375484e-05	135.36740843764488
