subject	spf	roi	washin(mM/s)	ttp(s)
sample_005_sub5	8	malignant	0.001151690041002405	137.70891364902508
sample_005_sub5	8	glandular	7.354280883354145e-05	141.7711234911792
