subject	spf	roi	washin(mM/s)	ttp(s)
sample_012_sub12	2	malignant	0.002064434113710806	137.4681491776697
sample_012_sub12	2	glandular	6.920193691728177e-05	145.7493629835534
