subject	spf	roi	washin(mM/s)	ttp(s)
sample_052_sub52	16	glandular	0.00011632487794992331	141.66666666666669
