subject	spf	roi	washin(mM/s)	ttp(s)
sample_034_sub34	2	glandular	-4.301360960853345e-05	138.50330090340515
