subject	spf	roi	washin(mM/s)	ttp(s)
sample_052_sub52	2	glandular	2.7818401823430548e-06	144.81772643039147
