subject	spf	roi	washin(mM/s)	ttp(s)
sample_037_sub37	16	glandular	8.631607753369478e-08	133.75232774674117
